{"cameraMode":{"drawMode":0,"name":"Shaded","section":"Shading Mode"},"sceneLighting":true,"audioPlay":false,"sceneViewState":{"showFog":true,"showMaterialUpdate":false,"showSkybox":true,"showFlares":true,"showImageEffects":true,"showParticleSystems":true},"in2DMode":false,"pivot":{"x":-5.867530822753906,"y":106.54554748535156,"z":-241.6850128173828},"rotation":{"x":0.005408142693340778,"y":0.3106822669506073,"z":0.0017695034621283413,"w":-0.9505041241645813},"size":128.7587127685547,"orthographic":false}