{"cameraMode":{"drawMode":0,"name":"Shaded","section":"Shading Mode"},"sceneLighting":true,"audioPlay":false,"sceneViewState":{"showFog":true,"showMaterialUpdate":false,"showSkybox":true,"showFlares":true,"showImageEffects":true,"showParticleSystems":true},"in2DMode":false,"pivot":{"x":-10.297981262207032,"y":34.388458251953128,"z":26.26531410217285},"rotation":{"x":0.01078043133020401,"y":0.7459450960159302,"z":0.012078361585736275,"w":-0.6658137440681458},"size":96.40899658203125,"orthographic":false}