{"cameraMode":{"drawMode":0,"name":"Shaded","section":"Shading Mode"},"sceneLighting":true,"audioPlay":false,"sceneViewState":{"showFog":true,"showMaterialUpdate":false,"showSkybox":true,"showFlares":true,"showImageEffects":true,"showParticleSystems":true},"in2DMode":false,"pivot":{"x":-41.10295104980469,"y":25.067276000976564,"z":12.511634826660157},"rotation":{"x":-0.05078340694308281,"y":0.802586555480957,"z":-0.06903859227895737,"w":-0.5903542637825012},"size":168.71115112304688,"orthographic":false}