{"cameraMode":{"drawMode":0,"name":"Shaded","section":"Shading Mode"},"sceneLighting":true,"audioPlay":false,"sceneViewState":{"showFog":true,"showMaterialUpdate":false,"showSkybox":true,"showFlares":true,"showImageEffects":true,"showParticleSystems":true},"in2DMode":false,"pivot":{"x":-26.862701416015626,"y":11.024548530578614,"z":-6.375865936279297},"rotation":{"x":-0.03006269969046116,"y":0.8838895559310913,"z":-0.057364322245121,"w":-0.46319854259490969},"size":118.63516998291016,"orthographic":false}